flow_form_id,flow_question_group,flow_question_label,flow_question_id,mis_form_id,mis_question_group,mis_question_label,mis_question_id
17260923,Activated Sludge System,Take photo of Activated Sludge System,11470925,1748905550055,Activated Sludge System,Take photo of Activated Sludge System,1748915652986
17260923,Activated Sludge System,Comment on the operation of the Activated Sludge System,19230923,1748905550055,Activated Sludge System,Comment on the operation of the Activated Sludge System,1748915642008
17260923,Anaerobic Lagoons,Take photo of anaerobic lagoon,12500923,1748905550055,Anaerobic Lagoons,Take photo of anaerobic lagoon,1748916203269
17260923,Anaerobic Lagoons,Comment on the Anaerobic lagoons,14500932,1748905550055,Anaerobic Lagoons,Comment on the Anaerobic lagoons,1748906938999
17260923,Constraints and Recommendations,Do you have any work related constraints?,12470933,1748905550055;1748918946591,Constraints and Recommendations,Do you have any work related constraints?;24. Do you have any work related constraints?,1748918417541;1748919341459
17260923,Constraints and Recommendations,Please provide details for constraints,13480932,1748905550055;1748918946591,Constraints and Recommendations,Please provide details for constraints,1748907223535;1748919922789
17260923,Constraints and Recommendations,What are the final recommendations from the DWS staff  on the overall operations and remedial actions for the plant?,14490927,1748905550055;1748918946591,Constraints and Recommendations,What are the final recommendations from the DWS staff on the overall operations and remedial actions for the plant?;What are the final recommendations from the DWS staff  on the overall operations and remedial actions for the plant?,1748918679466;1748920085643
17260923,Constraints and Recommendations,Signature of DWS Staff,14540922,1748905550055;1748918946591,Constraints and Recommendations,Signature of DWS Staff,1748918835968;1748920135334
17260923,Constraints and Recommendations,Any final recommendation?,19180933,1748905550055;1748918946591,Constraints and Recommendations,Any final recommendation?,1748918485299;1748919962161
17260923,Constraints and Recommendations,What are your final recommendations?,19200932,1748905550055;1748918946591,Constraints and Recommendations,What are your final recommendations?,1748918550536;1748919992109
17260923,Drying Beds,Comment on the drying beds,14500935,1748905550055,Drying Beds,Comment on the drying beds,1748907173282
17260923,Drying Beds,Take photo of drying beds,15520929,1748905550055,Drying Beds,Take photo of drying beds,1748917423214
17260923,Effluent Pumping,Take photo of the effluent pump station?,29480925,1748905550055,Effluent Pumping,Take photo of the effluent pump station,1748917597057
17260923,Effluent Pumping,Are there any effluent pump station?,30120923,1748905550055,Effluent Pumping,Are there any effluent pump station?,1748907188132
17260923,Effluent Pumping,Are you able to take photo of effluent pump station?,30120924,1748905550055,Effluent Pumping,Are you able to take photo of effluent pump station?,1748917546718
17260923,Effluent Pumping,Comment on the effluent pump station?,30150921,1748905550055,Effluent Pumping,Comment on the effluent pump station?,1748917496536
17260923,Facultative Ponds,Comment on the operation of the facultative pond,27750920,1748905550055,Facultative Ponds,Comment on the operation of the facultative pond,1748907016509
17260923,Facultative Ponds,Take photo of Facultative Pond,30120920,1748905550055,Facultative Ponds,Take photo of Facultative Pond,1748916324372
17260923,Flow Indicators,Describe the inflow at the inlet?,11430929,1748905550055,Flow Indicators,Describe the inflow at the inlet?,1748911325583
17260923,Flow Indicators,Take photo of the inlet,12490921,1748905550055,Flow Indicators,Take photo of the inlet,1748911562813
17260923,Flow Indicators,What is the inflow rate in cubic meters per day?,13480930,1748905550055,Flow Indicators,What is the inflow rate in cubic meters per day?,1748911325349
17260923,Flow Indicators,Is there a inflow meter?,17280930,1748905550055,Flow Indicators,Is there a inflow meter?,1748906535935
17260923,General Information on Plant Conditions,Do you have urgent maintenance programs?,10530930,1748905550055,Plant Conditions,Do you have urgent maintenance programs?,1748910860630
17260923,General Information on Plant Conditions,Ground Conditions,10540926,1748905550055,Plant Conditions,Ground Conditions,1748906497862
17260923,General Information on Plant Conditions,Condition of fence for security purpose,11430927,1748905550055,Plant Conditions,Condition of fence for security purpose,1748910613027
17260923,General Information on Plant Conditions,Working tools?,12460931,1748905550055,Plant Conditions,Working tools?,1748910770584
17260923,General Information on Plant Conditions,Please provide details of these programs?,12460934,1748905550055,Plant Conditions,Please provide details of these programs?,1748910928304
17260923,General Information on Plant Conditions,Take photo,12470927,1748905550055;1748918946591,Plant Conditions;Plant Influent and Effluent;Photos of Inspection,Take photo;Take Photo,1748910544723;1748910599569;1748910629413;1748919559845;1748920178902
17260923,General Information on Plant Conditions,Take photo,13470925,1748905550055;1748918946591,Plant Conditions;Plant Influent and Effluent;Photos of Inspection,Take photo;Take Photo,1748910544723;1748910599569;1748910629413;1748919559845;1748920178902
17260923,General Information on Plant Conditions,Transport availability,13470926,1748905550055,Plant Conditions,Transport availability,1748910727099
17260923,General Information on Plant Conditions,Take photo,14460928,1748905550055;1748918946591,Plant Conditions;Plant Influent and Effluent;Photos of Inspection,Take photo;Take Photo,1748910544723;1748910599569;1748910629413;1748919559845;1748920178902
17260923,General Information on Plant Conditions,Security lights,15490927,1748905550055,Plant Conditions,Security lights,1748910637040
17260923,General Information on Plant Conditions,Building Conditions,15510925,1748905550055,Plant Conditions,Building Conditions,1748910573525
17260923,General Information on Plant Conditions,Do you have any upgrading programs?,17270934,1748905550055,Plant Conditions,Do you have any upgrading programs?,1748911109721
17260923,General Information on Plant Conditions,Do you have planned preventative maintenance programs?,17280926,1748905550055,Plant Conditions,Do you have planned preventative maintenance programs?,1748910968346
17260923,General Information on Plant Conditions,Please provide details of these programs?,17280928,1748905550055,Plant Conditions,Please provide details of these programs?,1748910928304
17260923,General Information on Plant Conditions,Please provide details of these programs?,17290928,1748905550055,Plant Conditions,Please provide details of these programs?,1748910928304
17260923,General Information on Plant Conditions,OHS equipment available?,19180929,1748905550055,Plant Conditions,OHS equipment available?,1748910823255
17260923,Influent Pumping,Are you able to take photo of the Influent Pump Station?,16570945,1748905550055,Influent Pumping,Are you able to take photo of the Influent Pump Station?,1748914939216
17260923,Influent Pumping,Comment on the influent pumping system,18150922,1748905550055,Influent Pumping,Comment on the influent pumping system,1748914793745
17260923,Influent Pumping,Take photo of the influent pumping station,19240926,1748905550055,Influent Pumping,Take photo of the influent pumping station,1748914980064
17260923,Influent Pumping,Are there any influent pump station?,21890959,1748905550055,Influent Pumping,Are there any influent pump station?,1748906592858
17260923,Maturation Pond,Comment on the operation of the Maturation Pond,27740971,1748905550055,Maturation Pond,Comment on the operation of the Maturation Pond,1748916372852
17260923,Maturation Pond,Take Photo of the Maturation pond,27740972,1748905550055,Maturation Pond,Take photo of the Maturation Pond,1748916377930
17260923,Plant Effluent,Take photo of effluent sampling point,18140931,1748905550055,Plant Effluent,Take photo of effluent sampling point,1748917775963
17260923,Plant Effluent,Comment on the plant effluent,19250925,1748905550055,Plant Effluent,Comment on the plant effluent,1748907201859
17260923,Plant Effluent,Method of Testing for plant effluent,23260920,1748905550055,Plant Effluent,Method of Testing for plant effluent,1748917751258
17260923,Plant Effluent,What is the BOD in mg/L?,26220920,1748905550055,Plant Effluent,Comment on the plant effluent;Please specify other plant effluent description;Are you able to take the sample?;Method of Testing for plant effluent;Take photo of effluent sampling point;Which parameters were you able to analyse?;Temperature °C - 2550B (APHA Method Code);pH - 4500-H+B (APHA Method Code);Conductivity µS/cm - 2510B (APHA Method Code);Salinity PPT 2520B 0.2 (APHA Method Code);Total Dissolved Solids mg/L - 2540C (APHA Method Code);Total Suspended Solids mg/L - 2540D (APHA Method Code);Total Solids mg/L - 2540B (APHA Method Code);Settleable Solids mls - 2540F (APHA Method Code);Ammonia mg/L - 4500-NH3 H (APHA Method Code);Total Kjeldhal Nitrogen mg/L - 4500-NorgB (APHA Method Code);Nitrate mg/L - 4500-NO-3- I (APHA Method Code);Nitrite mg/L - 4500-NO-3- I (APHA Method Code);Total Phosphorus mg/L - 4500-P E (APHA Method Code);Chemical Oxygen Demand mg/L - 5220B (APHA Method Code);Dissolved Oxygen mg/L - 4500-O-C (APHA Method Code);Total Alkalinity mg/L - 2320B (APHA Method Code);Chloride mg/L - 4500-Cl-C (APHA Method Code);Oil & Grease mg/L - 5520D (APHA Method Code);Total Sulphides mg/L - 4500-S2-F (APHA Method Code);BOD mg/L - 5210B (APHA Method Code),1748907201859;1748917735244;1748917751257;1748917751258;1748917775963;1748917792041;1754995400101;1754995400102;1754995400103;1754995400104;1754995400301;1754995400302;1754995400303;1754995400304;1754995400501;1754995400502;1754995400503;1754995400504;1754995400505;1754995400701;1754995400702;1754995400703;1754995400704;1754995400705;1754995400706;1754995400901
17260923,Plant Effluent,What is the Nitrate level in mg/L?,283670995,1748905550055,Plant Effluent,Comment on the plant effluent;Please specify other plant effluent description;Are you able to take the sample?;Method of Testing for plant effluent;Take photo of effluent sampling point;Which parameters were you able to analyse?;Temperature °C - 2550B (APHA Method Code);pH - 4500-H+B (APHA Method Code);Conductivity µS/cm - 2510B (APHA Method Code);Salinity PPT 2520B 0.2 (APHA Method Code);Total Dissolved Solids mg/L - 2540C (APHA Method Code);Total Suspended Solids mg/L - 2540D (APHA Method Code);Total Solids mg/L - 2540B (APHA Method Code);Settleable Solids mls - 2540F (APHA Method Code);Ammonia mg/L - 4500-NH3 H (APHA Method Code);Total Kjeldhal Nitrogen mg/L - 4500-NorgB (APHA Method Code);Nitrate mg/L - 4500-NO-3- I (APHA Method Code);Nitrite mg/L - 4500-NO-3- I (APHA Method Code);Total Phosphorus mg/L - 4500-P E (APHA Method Code);Chemical Oxygen Demand mg/L - 5220B (APHA Method Code);Dissolved Oxygen mg/L - 4500-O-C (APHA Method Code);Total Alkalinity mg/L - 2320B (APHA Method Code);Chloride mg/L - 4500-Cl-C (APHA Method Code);Oil & Grease mg/L - 5520D (APHA Method Code);Total Sulphides mg/L - 4500-S2-F (APHA Method Code);BOD mg/L - 5210B (APHA Method Code),1748907201859;1748917735244;1748917751257;1748917751258;1748917775963;1748917792041;1754995400101;1754995400102;1754995400103;1754995400104;1754995400301;1754995400302;1754995400303;1754995400304;1754995400501;1754995400502;1754995400503;1754995400504;1754995400505;1754995400701;1754995400702;1754995400703;1754995400704;1754995400705;1754995400706;1754995400901
17260923,Plant Effluent,What is the Total Phosphorus in mg/L?,283680996,1748905550055,Plant Effluent,Comment on the plant effluent;Please specify other plant effluent description;Are you able to take the sample?;Method of Testing for plant effluent;Take photo of effluent sampling point;Which parameters were you able to analyse?;Temperature °C - 2550B (APHA Method Code);pH - 4500-H+B (APHA Method Code);Conductivity µS/cm - 2510B (APHA Method Code);Salinity PPT 2520B 0.2 (APHA Method Code);Total Dissolved Solids mg/L - 2540C (APHA Method Code);Total Suspended Solids mg/L - 2540D (APHA Method Code);Total Solids mg/L - 2540B (APHA Method Code);Settleable Solids mls - 2540F (APHA Method Code);Ammonia mg/L - 4500-NH3 H (APHA Method Code);Total Kjeldhal Nitrogen mg/L - 4500-NorgB (APHA Method Code);Nitrate mg/L - 4500-NO-3- I (APHA Method Code);Nitrite mg/L - 4500-NO-3- I (APHA Method Code);Total Phosphorus mg/L - 4500-P E (APHA Method Code);Chemical Oxygen Demand mg/L - 5220B (APHA Method Code);Dissolved Oxygen mg/L - 4500-O-C (APHA Method Code);Total Alkalinity mg/L - 2320B (APHA Method Code);Chloride mg/L - 4500-Cl-C (APHA Method Code);Oil & Grease mg/L - 5520D (APHA Method Code);Total Sulphides mg/L - 4500-S2-F (APHA Method Code);BOD mg/L - 5210B (APHA Method Code),1748907201859;1748917735244;1748917751257;1748917751258;1748917775963;1748917792041;1754995400101;1754995400102;1754995400103;1754995400104;1754995400301;1754995400302;1754995400303;1754995400304;1754995400501;1754995400502;1754995400503;1754995400504;1754995400505;1754995400701;1754995400702;1754995400703;1754995400704;1754995400705;1754995400706;1754995400901
17260923,Plant Effluent,Are you able to take the sample?,28590921,1748905550055,Plant Effluent,Are you able to take the sample?,1748917751257
17260923,Plant Effluent,What is the TSS in mg/L?,291250987,1748905550055,Plant Effluent,Comment on the plant effluent;Please specify other plant effluent description;Are you able to take the sample?;Method of Testing for plant effluent;Take photo of effluent sampling point;Which parameters were you able to analyse?;Temperature °C - 2550B (APHA Method Code);pH - 4500-H+B (APHA Method Code);Conductivity µS/cm - 2510B (APHA Method Code);Salinity PPT 2520B 0.2 (APHA Method Code);Total Dissolved Solids mg/L - 2540C (APHA Method Code);Total Suspended Solids mg/L - 2540D (APHA Method Code);Total Solids mg/L - 2540B (APHA Method Code);Settleable Solids mls - 2540F (APHA Method Code);Ammonia mg/L - 4500-NH3 H (APHA Method Code);Total Kjeldhal Nitrogen mg/L - 4500-NorgB (APHA Method Code);Nitrate mg/L - 4500-NO-3- I (APHA Method Code);Nitrite mg/L - 4500-NO-3- I (APHA Method Code);Total Phosphorus mg/L - 4500-P E (APHA Method Code);Chemical Oxygen Demand mg/L - 5220B (APHA Method Code);Dissolved Oxygen mg/L - 4500-O-C (APHA Method Code);Total Alkalinity mg/L - 2320B (APHA Method Code);Chloride mg/L - 4500-Cl-C (APHA Method Code);Oil & Grease mg/L - 5520D (APHA Method Code);Total Sulphides mg/L - 4500-S2-F (APHA Method Code);BOD mg/L - 5210B (APHA Method Code),1748907201859;1748917735244;1748917751257;1748917751258;1748917775963;1748917792041;1754995400101;1754995400102;1754995400103;1754995400104;1754995400301;1754995400302;1754995400303;1754995400304;1754995400501;1754995400502;1754995400503;1754995400504;1754995400505;1754995400701;1754995400702;1754995400703;1754995400704;1754995400705;1754995400706;1754995400901
17260923,Plant Effluent,What is the Ammonia level in mg/L?,291250988,1748905550055,Plant Effluent,Comment on the plant effluent;Please specify other plant effluent description;Are you able to take the sample?;Method of Testing for plant effluent;Take photo of effluent sampling point;Which parameters were you able to analyse?;Temperature °C - 2550B (APHA Method Code);pH - 4500-H+B (APHA Method Code);Conductivity µS/cm - 2510B (APHA Method Code);Salinity PPT 2520B 0.2 (APHA Method Code);Total Dissolved Solids mg/L - 2540C (APHA Method Code);Total Suspended Solids mg/L - 2540D (APHA Method Code);Total Solids mg/L - 2540B (APHA Method Code);Settleable Solids mls - 2540F (APHA Method Code);Ammonia mg/L - 4500-NH3 H (APHA Method Code);Total Kjeldhal Nitrogen mg/L - 4500-NorgB (APHA Method Code);Nitrate mg/L - 4500-NO-3- I (APHA Method Code);Nitrite mg/L - 4500-NO-3- I (APHA Method Code);Total Phosphorus mg/L - 4500-P E (APHA Method Code);Chemical Oxygen Demand mg/L - 5220B (APHA Method Code);Dissolved Oxygen mg/L - 4500-O-C (APHA Method Code);Total Alkalinity mg/L - 2320B (APHA Method Code);Chloride mg/L - 4500-Cl-C (APHA Method Code);Oil & Grease mg/L - 5520D (APHA Method Code);Total Sulphides mg/L - 4500-S2-F (APHA Method Code);BOD mg/L - 5210B (APHA Method Code),1748907201859;1748917735244;1748917751257;1748917751258;1748917775963;1748917792041;1754995400101;1754995400102;1754995400103;1754995400104;1754995400301;1754995400302;1754995400303;1754995400304;1754995400501;1754995400502;1754995400503;1754995400504;1754995400505;1754995400701;1754995400702;1754995400703;1754995400704;1754995400705;1754995400706;1754995400901
17260923,Plant Effluent,What is the Total Alkalinity in mg/L?,291260997,1748905550055,Plant Effluent,Comment on the plant effluent;Please specify other plant effluent description;Are you able to take the sample?;Method of Testing for plant effluent;Take photo of effluent sampling point;Which parameters were you able to analyse?;Temperature °C - 2550B (APHA Method Code);pH - 4500-H+B (APHA Method Code);Conductivity µS/cm - 2510B (APHA Method Code);Salinity PPT 2520B 0.2 (APHA Method Code);Total Dissolved Solids mg/L - 2540C (APHA Method Code);Total Suspended Solids mg/L - 2540D (APHA Method Code);Total Solids mg/L - 2540B (APHA Method Code);Settleable Solids mls - 2540F (APHA Method Code);Ammonia mg/L - 4500-NH3 H (APHA Method Code);Total Kjeldhal Nitrogen mg/L - 4500-NorgB (APHA Method Code);Nitrate mg/L - 4500-NO-3- I (APHA Method Code);Nitrite mg/L - 4500-NO-3- I (APHA Method Code);Total Phosphorus mg/L - 4500-P E (APHA Method Code);Chemical Oxygen Demand mg/L - 5220B (APHA Method Code);Dissolved Oxygen mg/L - 4500-O-C (APHA Method Code);Total Alkalinity mg/L - 2320B (APHA Method Code);Chloride mg/L - 4500-Cl-C (APHA Method Code);Oil & Grease mg/L - 5520D (APHA Method Code);Total Sulphides mg/L - 4500-S2-F (APHA Method Code);BOD mg/L - 5210B (APHA Method Code),1748907201859;1748917735244;1748917751257;1748917751258;1748917775963;1748917792041;1754995400101;1754995400102;1754995400103;1754995400104;1754995400301;1754995400302;1754995400303;1754995400304;1754995400501;1754995400502;1754995400503;1754995400504;1754995400505;1754995400701;1754995400702;1754995400703;1754995400704;1754995400705;1754995400706;1754995400901
17260923,Plant Effluent,What is the COD in mg/L?,297600977,1748905550055,Plant Effluent,Comment on the plant effluent;Please specify other plant effluent description;Are you able to take the sample?;Method of Testing for plant effluent;Take photo of effluent sampling point;Which parameters were you able to analyse?;Temperature °C - 2550B (APHA Method Code);pH - 4500-H+B (APHA Method Code);Conductivity µS/cm - 2510B (APHA Method Code);Salinity PPT 2520B 0.2 (APHA Method Code);Total Dissolved Solids mg/L - 2540C (APHA Method Code);Total Suspended Solids mg/L - 2540D (APHA Method Code);Total Solids mg/L - 2540B (APHA Method Code);Settleable Solids mls - 2540F (APHA Method Code);Ammonia mg/L - 4500-NH3 H (APHA Method Code);Total Kjeldhal Nitrogen mg/L - 4500-NorgB (APHA Method Code);Nitrate mg/L - 4500-NO-3- I (APHA Method Code);Nitrite mg/L - 4500-NO-3- I (APHA Method Code);Total Phosphorus mg/L - 4500-P E (APHA Method Code);Chemical Oxygen Demand mg/L - 5220B (APHA Method Code);Dissolved Oxygen mg/L - 4500-O-C (APHA Method Code);Total Alkalinity mg/L - 2320B (APHA Method Code);Chloride mg/L - 4500-Cl-C (APHA Method Code);Oil & Grease mg/L - 5520D (APHA Method Code);Total Sulphides mg/L - 4500-S2-F (APHA Method Code);BOD mg/L - 5210B (APHA Method Code),1748907201859;1748917735244;1748917751257;1748917751258;1748917775963;1748917792041;1754995400101;1754995400102;1754995400103;1754995400104;1754995400301;1754995400302;1754995400303;1754995400304;1754995400501;1754995400502;1754995400503;1754995400504;1754995400505;1754995400701;1754995400702;1754995400703;1754995400704;1754995400705;1754995400706;1754995400901
17260923,Plant Effluent,What is the Salinity in ppt?,303340967,1748905550055,Plant Effluent,Comment on the plant effluent;Please specify other plant effluent description;Are you able to take the sample?;Method of Testing for plant effluent;Take photo of effluent sampling point;Which parameters were you able to analyse?;Temperature °C - 2550B (APHA Method Code);pH - 4500-H+B (APHA Method Code);Conductivity µS/cm - 2510B (APHA Method Code);Salinity PPT 2520B 0.2 (APHA Method Code);Total Dissolved Solids mg/L - 2540C (APHA Method Code);Total Suspended Solids mg/L - 2540D (APHA Method Code);Total Solids mg/L - 2540B (APHA Method Code);Settleable Solids mls - 2540F (APHA Method Code);Ammonia mg/L - 4500-NH3 H (APHA Method Code);Total Kjeldhal Nitrogen mg/L - 4500-NorgB (APHA Method Code);Nitrate mg/L - 4500-NO-3- I (APHA Method Code);Nitrite mg/L - 4500-NO-3- I (APHA Method Code);Total Phosphorus mg/L - 4500-P E (APHA Method Code);Chemical Oxygen Demand mg/L - 5220B (APHA Method Code);Dissolved Oxygen mg/L - 4500-O-C (APHA Method Code);Total Alkalinity mg/L - 2320B (APHA Method Code);Chloride mg/L - 4500-Cl-C (APHA Method Code);Oil & Grease mg/L - 5520D (APHA Method Code);Total Sulphides mg/L - 4500-S2-F (APHA Method Code);BOD mg/L - 5210B (APHA Method Code),1748907201859;1748917735244;1748917751257;1748917751258;1748917775963;1748917792041;1754995400101;1754995400102;1754995400103;1754995400104;1754995400301;1754995400302;1754995400303;1754995400304;1754995400501;1754995400502;1754995400503;1754995400504;1754995400505;1754995400701;1754995400702;1754995400703;1754995400704;1754995400705;1754995400706;1754995400901
17260923,Plant Effluent,What is the pH?,309320993,1748905550055,Plant Effluent,Comment on the plant effluent;Please specify other plant effluent description;Are you able to take the sample?;Method of Testing for plant effluent;Take photo of effluent sampling point;Which parameters were you able to analyse?;Temperature °C - 2550B (APHA Method Code);pH - 4500-H+B (APHA Method Code);Conductivity µS/cm - 2510B (APHA Method Code);Salinity PPT 2520B 0.2 (APHA Method Code);Total Dissolved Solids mg/L - 2540C (APHA Method Code);Total Suspended Solids mg/L - 2540D (APHA Method Code);Total Solids mg/L - 2540B (APHA Method Code);Settleable Solids mls - 2540F (APHA Method Code);Ammonia mg/L - 4500-NH3 H (APHA Method Code);Total Kjeldhal Nitrogen mg/L - 4500-NorgB (APHA Method Code);Nitrate mg/L - 4500-NO-3- I (APHA Method Code);Nitrite mg/L - 4500-NO-3- I (APHA Method Code);Total Phosphorus mg/L - 4500-P E (APHA Method Code);Chemical Oxygen Demand mg/L - 5220B (APHA Method Code);Dissolved Oxygen mg/L - 4500-O-C (APHA Method Code);Total Alkalinity mg/L - 2320B (APHA Method Code);Chloride mg/L - 4500-Cl-C (APHA Method Code);Oil & Grease mg/L - 5520D (APHA Method Code);Total Sulphides mg/L - 4500-S2-F (APHA Method Code);BOD mg/L - 5210B (APHA Method Code),1748907201859;1748917735244;1748917751257;1748917751258;1748917775963;1748917792041;1754995400101;1754995400102;1754995400103;1754995400104;1754995400301;1754995400302;1754995400303;1754995400304;1754995400501;1754995400502;1754995400503;1754995400504;1754995400505;1754995400701;1754995400702;1754995400703;1754995400704;1754995400705;1754995400706;1754995400901
17260923,Plant Effluent,What is the Nitrite Level in mg/L?,311400997,1748905550055,Plant Effluent,Comment on the plant effluent;Please specify other plant effluent description;Are you able to take the sample?;Method of Testing for plant effluent;Take photo of effluent sampling point;Which parameters were you able to analyse?;Temperature °C - 2550B (APHA Method Code);pH - 4500-H+B (APHA Method Code);Conductivity µS/cm - 2510B (APHA Method Code);Salinity PPT 2520B 0.2 (APHA Method Code);Total Dissolved Solids mg/L - 2540C (APHA Method Code);Total Suspended Solids mg/L - 2540D (APHA Method Code);Total Solids mg/L - 2540B (APHA Method Code);Settleable Solids mls - 2540F (APHA Method Code);Ammonia mg/L - 4500-NH3 H (APHA Method Code);Total Kjeldhal Nitrogen mg/L - 4500-NorgB (APHA Method Code);Nitrate mg/L - 4500-NO-3- I (APHA Method Code);Nitrite mg/L - 4500-NO-3- I (APHA Method Code);Total Phosphorus mg/L - 4500-P E (APHA Method Code);Chemical Oxygen Demand mg/L - 5220B (APHA Method Code);Dissolved Oxygen mg/L - 4500-O-C (APHA Method Code);Total Alkalinity mg/L - 2320B (APHA Method Code);Chloride mg/L - 4500-Cl-C (APHA Method Code);Oil & Grease mg/L - 5520D (APHA Method Code);Total Sulphides mg/L - 4500-S2-F (APHA Method Code);BOD mg/L - 5210B (APHA Method Code),1748907201859;1748917735244;1748917751257;1748917751258;1748917775963;1748917792041;1754995400101;1754995400102;1754995400103;1754995400104;1754995400301;1754995400302;1754995400303;1754995400304;1754995400501;1754995400502;1754995400503;1754995400504;1754995400505;1754995400701;1754995400702;1754995400703;1754995400704;1754995400705;1754995400706;1754995400901
17260923,Plant Effluent,What is the Total Nitrogen level in mg/L?,311410997,1748905550055,Plant Effluent,Comment on the plant effluent;Please specify other plant effluent description;Are you able to take the sample?;Method of Testing for plant effluent;Take photo of effluent sampling point;Which parameters were you able to analyse?;Temperature °C - 2550B (APHA Method Code);pH - 4500-H+B (APHA Method Code);Conductivity µS/cm - 2510B (APHA Method Code);Salinity PPT 2520B 0.2 (APHA Method Code);Total Dissolved Solids mg/L - 2540C (APHA Method Code);Total Suspended Solids mg/L - 2540D (APHA Method Code);Total Solids mg/L - 2540B (APHA Method Code);Settleable Solids mls - 2540F (APHA Method Code);Ammonia mg/L - 4500-NH3 H (APHA Method Code);Total Kjeldhal Nitrogen mg/L - 4500-NorgB (APHA Method Code);Nitrate mg/L - 4500-NO-3- I (APHA Method Code);Nitrite mg/L - 4500-NO-3- I (APHA Method Code);Total Phosphorus mg/L - 4500-P E (APHA Method Code);Chemical Oxygen Demand mg/L - 5220B (APHA Method Code);Dissolved Oxygen mg/L - 4500-O-C (APHA Method Code);Total Alkalinity mg/L - 2320B (APHA Method Code);Chloride mg/L - 4500-Cl-C (APHA Method Code);Oil & Grease mg/L - 5520D (APHA Method Code);Total Sulphides mg/L - 4500-S2-F (APHA Method Code);BOD mg/L - 5210B (APHA Method Code),1748907201859;1748917735244;1748917751257;1748917751258;1748917775963;1748917792041;1754995400101;1754995400102;1754995400103;1754995400104;1754995400301;1754995400302;1754995400303;1754995400304;1754995400501;1754995400502;1754995400503;1754995400504;1754995400505;1754995400701;1754995400702;1754995400703;1754995400704;1754995400705;1754995400706;1754995400901
17260923,Plant Effluent,What is the Conductivity in µS/cm,313530924,1748905550055,Plant Effluent,Comment on the plant effluent;Please specify other plant effluent description;Are you able to take the sample?;Method of Testing for plant effluent;Take photo of effluent sampling point;Which parameters were you able to analyse?;Temperature °C - 2550B (APHA Method Code);pH - 4500-H+B (APHA Method Code);Conductivity µS/cm - 2510B (APHA Method Code);Salinity PPT 2520B 0.2 (APHA Method Code);Total Dissolved Solids mg/L - 2540C (APHA Method Code);Total Suspended Solids mg/L - 2540D (APHA Method Code);Total Solids mg/L - 2540B (APHA Method Code);Settleable Solids mls - 2540F (APHA Method Code);Ammonia mg/L - 4500-NH3 H (APHA Method Code);Total Kjeldhal Nitrogen mg/L - 4500-NorgB (APHA Method Code);Nitrate mg/L - 4500-NO-3- I (APHA Method Code);Nitrite mg/L - 4500-NO-3- I (APHA Method Code);Total Phosphorus mg/L - 4500-P E (APHA Method Code);Chemical Oxygen Demand mg/L - 5220B (APHA Method Code);Dissolved Oxygen mg/L - 4500-O-C (APHA Method Code);Total Alkalinity mg/L - 2320B (APHA Method Code);Chloride mg/L - 4500-Cl-C (APHA Method Code);Oil & Grease mg/L - 5520D (APHA Method Code);Total Sulphides mg/L - 4500-S2-F (APHA Method Code);BOD mg/L - 5210B (APHA Method Code),1748907201859;1748917735244;1748917751257;1748917751258;1748917775963;1748917792041;1754995400101;1754995400102;1754995400103;1754995400104;1754995400301;1754995400302;1754995400303;1754995400304;1754995400501;1754995400502;1754995400503;1754995400504;1754995400505;1754995400701;1754995400702;1754995400703;1754995400704;1754995400705;1754995400706;1754995400901
17260923,Plant Effluent,What is the Chloride level in mg/L?,315190996,1748905550055,Plant Effluent,Comment on the plant effluent;Please specify other plant effluent description;Are you able to take the sample?;Method of Testing for plant effluent;Take photo of effluent sampling point;Which parameters were you able to analyse?;Temperature °C - 2550B (APHA Method Code);pH - 4500-H+B (APHA Method Code);Conductivity µS/cm - 2510B (APHA Method Code);Salinity PPT 2520B 0.2 (APHA Method Code);Total Dissolved Solids mg/L - 2540C (APHA Method Code);Total Suspended Solids mg/L - 2540D (APHA Method Code);Total Solids mg/L - 2540B (APHA Method Code);Settleable Solids mls - 2540F (APHA Method Code);Ammonia mg/L - 4500-NH3 H (APHA Method Code);Total Kjeldhal Nitrogen mg/L - 4500-NorgB (APHA Method Code);Nitrate mg/L - 4500-NO-3- I (APHA Method Code);Nitrite mg/L - 4500-NO-3- I (APHA Method Code);Total Phosphorus mg/L - 4500-P E (APHA Method Code);Chemical Oxygen Demand mg/L - 5220B (APHA Method Code);Dissolved Oxygen mg/L - 4500-O-C (APHA Method Code);Total Alkalinity mg/L - 2320B (APHA Method Code);Chloride mg/L - 4500-Cl-C (APHA Method Code);Oil & Grease mg/L - 5520D (APHA Method Code);Total Sulphides mg/L - 4500-S2-F (APHA Method Code);BOD mg/L - 5210B (APHA Method Code),1748907201859;1748917735244;1748917751257;1748917751258;1748917775963;1748917792041;1754995400101;1754995400102;1754995400103;1754995400104;1754995400301;1754995400302;1754995400303;1754995400304;1754995400501;1754995400502;1754995400503;1754995400504;1754995400505;1754995400701;1754995400702;1754995400703;1754995400704;1754995400705;1754995400706;1754995400901
17260923,Preliminary Treatment,Comment on operation of the screening system,12480921,1748905550055,Preliminary Treatment,Comment on operation of the screening system,1748906571911
17260923,Preliminary Treatment,Take photo of the screens,16230922,1748905550055,Preliminary Treatment,Take photo of the screens,1748914126410
17260923,Preliminary Treatment,Comment on the operation of the grit removal system,19240920,1748905550055,Preliminary Treatment,Comment on the operation of the grit removal system,1748914436150
17260923,Preliminary Treatment,Take photo of the grit removal system,19240924,1748905550055,Preliminary Treatment,Take photo of  the grit removal system,1748914701750
17260923,Primary Clarifiers,Comment on the operation of the primary clarifiers,15520924,1748905550055,Primary Clarifiers,Comment on the operation of the primary clarifiers,1748906604803
17260923,Primary Clarifiers,Take photo of primary clarifier,19220924,1748905550055,Primary Clarifiers,Take photo of primary clarifier,1748915357111
17260923,Secondary Clarifiers,Comment on the operation of the secondary clarifiers,11470927,1748905550055,Secondary Clarifiers,Comment on the operation of the secondary clarifiers,1748907057799
17260923,Secondary Clarifiers,Take photo of the secondary clarifier,18140928,1748905550055,Secondary Clarifiers,Take photo of the secondary clarifier,1748916617834
17260923,Sludge Aerobic Digestion,Comment on operation of the sludge aerobic digestion,11480928,1748905550055,Sludge Aerobic Digestion,Comment on operation of the sludge aerobic digestion,1748907110680
17260923,Sludge Aerobic Digestion,Take photo of Sludge Aerobic Digestion,12490925,1748905550055,Sludge Aerobic Digestion,Take photo of Sludge Aerobic Digestion,1748917136204
17260923,Sludge Handling,Comment on the sludge handling system,14490926,1748905550055,Sludge Handling,Comment on the sludge handling system,1748907110308
17260923,Sludge Handling,Take photo of sludge handling system,18140932,1748905550055,Sludge Handling,Take photo of sludge handling system,1748917296607
17260923,Stabilization Lagoons,Comment on the operation of the stabilization lagoons,14490923,1748905550055,Stabilization Lagoons,Comment on the operation of the stabilization lagoons,1748906806971
17260923,Stabilization Lagoons,Take photo of the stabilization lagoon,16230925,1748905550055,Stabilization Lagoons,Take photo of the stabilization lagoon,1748915991888
17260923,Staff and General Information,What are the constraints or recommendations fro professional developments?,11430925,1748905550055,Staff and General Information,Name of Plant Supervisor;Contact number of plant supervisor;Number of staffs at the plant?;Do you have a OHS Policy for the Plant?;Do your staff use OHS equipment at workplace?;Do plant staffs comply to the requirements  of the OHS Policy?,1748906474270;1748910113989;1748910159332;1748910184998;1748910219997;1748910278981
17260923,Staff and General Information,Number of staffs at the plant?,16210923,1748905550055,Staff and General Information,Number of staffs at the plant?,1748910159332
17260923,Staff and General Information,Contact number of plant supervisor,16210924,1748905550055,Staff and General Information,Contact number of plant supervisor,1748910113989
17260923,Staff and General Information,What professional development opportunities do they have?,17270927,1748905550055,Staff and General Information,Name of Plant Supervisor;Contact number of plant supervisor;Number of staffs at the plant?;Do you have a OHS Policy for the Plant?;Do your staff use OHS equipment at workplace?;Do plant staffs comply to the requirements  of the OHS Policy?,1748906474270;1748910113989;1748910159332;1748910184998;1748910219997;1748910278981
17260923,Staff and General Information,Name of Plant Supervisor,19200927,1748905550055,Staff and General Information,Name of Plant Supervisor,1748906474270
17260923,Staff and General Information,Do you have a OHS Policy for the Plant?,21290920,1748905550055,Staff and General Information,Do you have a OHS Policy for the Plant?,1748910184998
17260923,Staff and General Information,Do your staff use OHS equipment at workplace?,22230921,1748905550055,Staff and General Information,Do your staff use OHS equipment at workplace?,1748910219997
17260923,Staff and General Information,Do plant staffs comply to the requirements  of the OHS Policy?,25140925,1748905550055,Staff and General Information,Do plant staffs comply to the requirements  of the OHS Policy?,1748910278981
17260923,Trickling Filters,Take photo of Trickling Filter,11460924,1748905550055,Trickling Filters,Take photo of Trickling Filter,1748915551626
17260923,Trickling Filters,Comment on the operation of the Trickling Filters,16240926,1748905550055,Trickling Filters,Comment on the operation of the Trickling Filters,1748906632114
17260923,Wastewater Treatment Plant Registration,Plant inspection date?,10530927,1748905550055;1748918946591,Plant General Information,Plant inspection date?,1748905754732;1748905754740
17260923,Wastewater Treatment Plant Registration,Take photo of the treatment plant,10540923,1748903240763;1748918946591,WAF Registration;Plant General Information,Take photo of the treatment plant;Take Photo of the Treatment Plant,1748904831222;1748919298813
17260923,Wastewater Treatment Plant Registration,How many raw sewage pump stations?,11440926,1748905550055,Plant General Information,How many raw sewage pump stations?,1748904470602
17260923,Wastewater Treatment Plant Registration,What are the different treatment processes available at the plant?,11460921,1748905550055,Plant General Information,What are the different treatment processes available at the plant?,1748913763000
17260923,Wastewater Treatment Plant Registration,What is the total population connected to this plant?,12450926,1748903240763;1748918946591,WAF Registration;Plant General Information,What is the total population connected to this plant?,1748905778961;1748918946593
17260923,Wastewater Treatment Plant Registration,How many re-circulation pump stations?,12460924,1748905550055,Plant General Information,How many re-circulation pump stations?,1748904517975
17260923,Wastewater Treatment Plant Registration,Total number of pump stations,14460924,1748905550055,Plant General Information,Total number of pump stations,1748904102151
17260923,Wastewater Treatment Plant Registration,Take Geolocation of Waste water Treatment Plant,14460926,1748903240763,WAF Registration,Take Geolocation of Waste water Treatment Plant,1748904785806
17260923,Wastewater Treatment Plant Registration,Are there any pump station at the treatment plant?,15490922,1748905550055,Plant General Information,Are there any pump station at the treatment plant?,1748904054931
17260923,Wastewater Treatment Plant Registration,Which Division are you in?,17290922,1748903240763,WAF Registration,Which Division are you in?,1748903240794
17260923,Wastewater Treatment Plant Registration,How many sludge pump stations?,17290923,1748905550055,Plant General Information,How many sludge pump stations?,1748904551256
17260923,Wastewater Treatment Plant Registration,How many supernatant pump stations?,18130925,1748905550055,Plant General Information,How many supernatant pump stations?,1748904618481
17260923,Wastewater Treatment Plant Registration,What are types of pump stations?,19180924,1748905550055,Plant General Information,What are types of pump stations?,1748904158071
17260923,Wastewater Treatment Plant Registration,Which Year was the plant commissioned?,19190925,1748903240763,WAF Registration,Which Year was the plant commissioned?,1748903539202
17260923,Wastewater Treatment Plant Registration,What is the Design Capacity of the Plant cubic metres per day?,19200924,1748903240763,WAF Registration,What is the Design Capacity of the Plant cubic metres per day?,1748903613622
17260923,Wastewater Treatment Plant Registration,Name of the Plant,19200925,1748903240763,WAF Registration,Name of the Plant,1748903442166
17260923,Wastewater Treatment Plant Registration,How many Effluent Pump Stations?,22740923,1748905550055,Plant General Information,How many Effluent Pump Stations?,1748904732921
17260923,Wastewater Treatment Plant Registration,How many influent pump station,24910952,1748905550055,Plant General Information,How many influent pump station,1748904692704
